948261:14023929|2,5,2,4,0,9,10,0,2,0,7,5,0,1,0,9,5,2,0,0,0,2,0,0,0
948261:14025172|8,5,3,1,2,1,3,0,3,5,2,1,4,4,0,3,2,1,0,0,0,1,3,0,0
948261:14025068|4,8,3,1,2,2,3,3,5,1,2,5,2,7,2,1,2,2,0,0,0,0,0,0,0
948261:14023928|3,2,1,4,2,2,9,2,4,11,0,0,1,4,1,1,0,2,0,1,0,0,1,5,2
948261:14025129|0,5,0,0,0,6,7,1,0,1,9,7,2,3,0,7,7,0,0,0,8,1,3,0,0
948261:14025030|5,3,4,1,1,7,4,2,2,1,0,4,2,1,3,9,2,0,0,0,3,0,0,0,0
948261:14025136|1,0,1,0,3,2,3,4,6,2,3,1,4,1,1,5,6,2,0,3,1,1,0,2,1
948261:14023986|4,4,1,1,1,4,3,6,2,3,2,5,5,1,2,6,4,0,0,2,1,0,1,0,0
948261:14025156|8,3,1,2,2,4,7,2,3,6,2,5,2,1,1,6,7,2,0,2,7,1,0,1,0
948261:14023927|7,5,0,2,0,8,5,3,2,1,2,6,6,3,0,6,1,1,0,0,0,1,2,0,0
948261:14025125|10,12,2,7,3,3,7,2,7,7,5,3,4,4,2,2,1,0,1,3,0,0,0,2,0
948261:14025078|0,1,2,4,6,1,8,0,1,0,1,2,1,2,4,4,2,1,7,3,0,0,2,0,4
948261:14025119|1,5,1,4,10,1,7,12,4,7,0,6,6,6,3,2,2,3,4,2,0,2,2,0,0
948261:14025091|3,4,2,1,2,5,11,4,0,1,2,3,2,2,0,3,0,0,1,0,0,0,0,0,0
948261:14023994|2,0,2,2,6,0,4,4,9,3,0,0,6,4,2,2,0,6,1,1,0,0,3,1,0
948261:14025155|2,4,0,2,3,4,6,3,7,8,1,1,3,2,3,0,5,0,2,3,0,1,0,6,4
948261:14025058|9,8,2,0,0,10,9,5,1,0,12,5,2,0,0,4,1,0,1,0,2,0,0,0,0
948261:12436443|0,0,0,0,2,4,2,4,0,5,0,3,3,2,3,0,2,0,0,4,0,0,3,2,7
948261:14023979|6,4,1,3,0,5,8,3,5,6,0,0,3,5,4,1,3,0,3,3,0,1,0,1,0
948261:14025014|4,3,1,6,3,1,1,0,3,7,1,0,1,1,4,0,1,0,0,2,0,0,1,2,2
948261:14024004|0,2,2,5,8,0,1,3,6,6,1,2,5,5,5,1,0,0,2,3,0,0,0,1,0
948261:14025025|7,3,1,1,0,5,9,2,2,2,3,2,5,0,0,11,7,0,0,0,1,1,1,0,0
948261:14024014|2,4,7,2,1,12,6,7,3,0,2,1,3,0,1,2,1,0,0,0,0,0,0,0,0
948261:14025093|2,5,0,2,3,5,10,4,2,5,4,0,5,1,0,3,3,0,1,1,0,0,1,0,0
948261:14025016|1,1,1,1,1,4,6,4,3,1,4,5,2,0,0,2,4,3,0,0,0,1,0,0,0
948261:14025064|2,1,7,3,2,1,7,6,4,8,0,2,1,4,9,0,2,1,4,4,0,0,0,0,0
948261:15632621|5,4,6,0,1,3,2,6,0,2,0,3,2,2,0,1,0,0,1,2,0,0,0,0,0
948261:15632617|1,0,0,0,0,0,2,2,4,3,4,2,2,3,0,0,4,2,2,3,0,0,0,0,1
948261:14025217|2,3,2,2,0,6,5,2,2,0,1,5,0,1,5,3,5,2,0,1,2,0,1,0,0
948261:14025257|1,1,3,2,0,0,1,0,4,2,1,3,2,2,0,0,5,5,9,0,0,3,0,4,0
948261:15631843|0,2,0,2,5,0,7,4,5,5,0,2,7,2,2,0,2,6,4,2,0,0,3,0,0
948261:15632626|5,1,2,3,0,0,4,4,5,2,4,3,1,0,2,0,3,0,1,0,0,0,1,0,0
948261:14025240|1,2,0,3,0,2,9,3,2,1,2,4,0,1,1,12,3,3,0,1,2,3,0,0,0
948261:14572678|2,2,1,3,6,3,1,4,7,3,0,1,4,3,2,1,1,1,2,0,0,0,0,0,0
948261:15359735|1,0,0,0,2,1,1,5,2,2,3,5,2,1,1,1,3,4,2,1,4,2,0,0,0
948261:14025215|4,5,1,3,4,10,12,3,5,5,2,2,2,5,1,1,1,1,3,1,0,0,1,4,0
948261:14572679|1,4,2,5,3,0,2,2,1,1,9,1,7,2,1,2,4,3,2,2,0,2,4,0,0
948261:14572642|0,4,2,3,0,0,1,7,6,2,0,5,10,2,2,1,7,4,2,2,0,0,0,1,0
948261:14025276|0,5,6,6,7,8,10,5,5,8,0,2,3,2,7,2,3,0,1,0,0,0,0,0,2
948261:15197271|1,4,4,2,2,5,6,7,14,7,0,1,1,4,7,3,1,4,1,6,0,3,1,0,3
948261:14025216|0,2,3,1,1,1,1,3,2,0,4,1,0,2,0,7,4,0,0,0,5,5,2,0,0
948261:14025181|1,3,3,0,0,7,6,11,1,0,4,3,5,1,0,1,1,2,1,1,0,0,3,1,0
948261:14025210|11,5,3,1,0,15,6,1,0,1,7,4,0,1,0,11,0,0,0,0,3,0,1,0,0
948261:15631836|0,0,0,6,7,1,2,8,3,9,1,1,6,5,4,0,1,1,2,2,0,0,2,0,0
948261:14025249|1,0,0,1,1,3,3,1,4,2,5,2,3,2,1,3,1,5,6,3,0,0,0,3,0
948261:14572677|2,7,4,1,0,1,5,1,3,6,0,0,1,0,5,0,0,1,3,0,0,0,0,0,0
948261:14025254|2,0,4,0,0,0,0,2,2,3,0,0,4,3,1,1,3,2,2,2,0,1,0,1,1
948261:15632625|0,1,0,2,0,2,9,4,7,3,0,3,0,2,9,1,1,1,0,0,0,2,1,1,0
948261:15632623|0,1,3,9,3,0,2,2,11,5,0,0,4,0,3,1,1,4,6,1,0,2,0,1,0
948261:14025206|2,2,2,7,6,0,5,3,3,2,0,3,1,3,3,0,1,0,2,4,0,0,0,0,0
948261:14572701|3,3,1,3,2,2,2,1,7,5,2,6,7,3,6,0,0,4,3,0,4,1,0,0,0
948261:14025281|0,7,1,3,1,4,1,4,3,3,1,1,6,2,1,3,5,0,6,1,0,0,1,0,0
827679:14024004|0,0,1,0,0,0,0,1,2,0,0,0,20,16,4,0,2,14,26,6,0,0,4,13,12
827679:14024014|0,0,3,0,0,0,0,1,0,0,0,3,15,12,1,0,1,3,16,6,2,0,5,6,6
827679:14025119|0,0,0,1,0,0,0,0,3,1,0,0,6,5,1,0,3,6,6,1,0,0,9,4,4
827679:14025030|0,0,1,0,0,0,0,0,2,0,0,2,4,14,2,0,1,3,12,1,0,0,6,6,1
827679:14025155|0,0,0,0,1,0,0,0,0,1,0,0,3,5,2,1,0,2,7,0,0,1,6,8,2
827679:14025125|0,0,1,1,0,0,1,15,23,2,1,2,10,11,2,0,2,11,6,2,0,0,1,5,1
827679:14025129|0,0,4,0,1,0,0,0,1,0,0,2,2,5,0,0,2,10,16,5,0,0,1,10,9
827679:14025093|0,0,0,2,0,0,0,7,2,3,0,1,10,17,2,0,1,3,16,2,0,3,8,8,2
827679:14025156|0,0,1,0,0,0,0,0,5,1,0,0,10,12,2,0,2,2,10,2,0,0,4,5,2
827679:14025064|0,2,1,0,0,0,0,1,4,2,0,1,10,11,3,0,0,3,39,11,0,2,5,11,1
827679:14025014|0,0,3,1,0,0,0,0,0,0,0,0,3,3,1,0,4,1,15,8,0,1,6,9,7
827679:14025206|0,0,5,0,0,0,0,1,1,1,0,4,5,2,0,0,1,4,17,0,3,0,5,13,5
827679:14023994|0,0,1,0,0,0,0,3,2,1,0,0,6,8,1,0,0,6,9,3,0,1,3,10,4
827679:14023929|0,0,1,1,0,0,0,1,4,0,0,1,8,16,6,0,1,4,37,5,0,2,3,5,6
827679:14025091|0,0,1,1,2,0,0,3,6,8,0,0,10,28,6,0,2,4,23,2,0,0,0,8,2
827679:14023928|0,0,0,0,0,0,0,1,2,1,0,0,6,1,2,0,0,2,10,7,0,0,8,11,12
827679:14023986|0,0,0,0,0,0,0,1,3,2,0,0,2,5,3,0,2,2,18,2,0,1,9,11,8
827679:14025181|0,0,0,0,0,0,0,0,0,3,1,0,7,13,1,0,2,9,23,5,0,1,7,9,4
827679:14025136|0,0,0,0,0,0,0,3,0,1,0,0,13,6,2,0,1,8,15,4,0,1,5,10,7
827679:14025172|0,0,0,0,0,1,1,10,10,0,0,0,13,8,4,0,3,9,10,7,1,2,2,6,5
827679:14025016|0,0,0,0,0,0,0,0,6,1,0,0,2,8,2,0,0,3,12,3,0,0,2,2,2
827679:14025058|0,0,3,1,0,0,0,0,5,1,1,0,8,11,3,1,0,5,43,4,2,1,2,6,2
827679:14025078|0,0,0,0,0,0,0,1,1,1,2,1,5,10,2,0,3,4,22,12,0,1,6,7,3
827679:14023979|0,0,0,0,0,0,0,2,0,4,0,4,7,11,0,0,6,4,35,7,0,3,4,8,7
827679:14025240|0,0,0,0,0,0,0,0,0,0,0,0,3,4,1,0,0,6,12,2,0,2,8,11,0
827679:14025215|0,2,2,0,0,0,0,1,5,0,0,0,1,26,5,0,0,5,21,2,3,2,2,8,4
827679:15632621|0,0,1,1,3,0,0,0,1,0,0,0,4,0,0,0,0,4,14,0,0,2,7,9,4
827679:15632617|0,0,1,0,0,0,0,0,0,0,0,0,4,5,0,0,1,2,23,6,0,1,0,6,5
827679:15632626|0,1,3,0,0,1,0,0,0,1,0,0,2,15,2,0,0,4,19,3,0,0,3,4,3
827679:14025281|0,0,0,0,3,0,1,0,4,0,0,0,1,6,4,0,1,4,21,9,0,1,8,11,7
827679:14572679|0,0,2,0,0,0,0,0,0,2,0,0,0,5,3,0,1,4,11,4,0,0,3,10,15
827679:14572677|0,0,3,2,0,0,0,2,5,2,0,0,18,21,1,0,2,9,24,9,0,0,1,13,5
827679:15631836|0,0,2,0,0,0,0,1,1,3,0,1,8,12,0,0,2,1,25,8,0,0,9,4,7
827679:14025217|0,0,4,1,0,0,1,4,2,0,0,0,16,8,6,0,4,13,24,7,0,0,1,3,6
827679:15632625|0,0,2,0,0,0,0,0,0,1,0,0,15,6,5,0,1,4,25,5,0,0,3,4,6
827679:15632623|1,1,3,0,0,0,1,0,1,0,0,1,8,8,3,0,0,4,25,1,3,0,4,8,6
827679:15197271|0,1,2,0,0,0,0,0,3,0,0,1,14,5,4,0,0,14,21,10,0,1,7,14,4
827679:14572642|0,0,0,0,0,0,1,0,1,1,0,0,11,13,3,0,1,7,23,16,0,0,11,10,9
827679:14025210|0,0,1,0,0,0,0,5,1,0,0,0,15,11,1,0,1,9,25,5,0,1,0,14,7
827679:14025254|0,0,0,0,0,0,0,5,3,0,0,0,9,23,1,0,1,7,17,2,0,0,9,10,6
827679:14025257|0,0,2,0,0,0,0,0,0,0,0,0,7,5,1,0,2,3,22,5,0,1,17,20,7
827679:14025216|0,0,0,0,0,0,1,0,1,0,0,0,2,7,4,0,0,5,9,3,0,0,7,8,3
827679:14572748|0,0,0,0,0,0,0,0,0,1,0,0,7,12,7,0,0,6,39,4,0,0,2,7,8
827679:14025276|0,0,0,1,1,0,0,4,10,5,0,0,12,29,5,0,0,2,23,7,1,0,1,2,6
827679:14598940|0,1,0,1,0,0,0,0,1,0,0,1,13,9,3,0,4,14,14,5,0,3,10,6,0
827679:14025249|0,0,1,1,0,0,0,1,3,1,0,2,7,9,1,0,1,2,8,7,0,0,6,8,7
96538:14023928|7,2,0,1,0,12,1,0,1,0,8,0,0,0,0,10,5,0,0,0,6,7,1,0,0
96538:15632626|5,5,0,0,0,4,0,0,0,0,11,0,0,0,0,20,1,0,0,0,6,0,1,0,0
96538:14025016|8,0,0,0,1,9,1,1,0,0,4,0,2,0,0,12,9,0,0,0,9,5,1,0,0
96538:14025281|2,0,0,0,1,6,1,1,0,0,7,1,0,0,0,15,1,0,0,0,6,5,1,0,0
96538:14025254|4,2,0,0,2,10,0,0,0,0,6,1,0,0,0,12,4,0,0,0,8,6,4,0,0
96538:14025078|3,0,0,0,1,10,0,0,0,0,7,0,0,0,0,8,3,1,0,0,1,1,0,0,0
96538:14023979|7,0,0,0,1,10,2,0,0,0,7,3,1,0,0,15,0,0,0,0,2,1,0,0,0
96538:14024004|12,2,0,0,5,7,0,1,0,0,8,1,0,0,0,9,5,1,0,0,1,0,1,0,0
96538:14025068|10,4,0,0,1,13,3,0,0,0,7,2,1,0,0,5,4,1,0,0,4,0,0,0,0
96538:14025058|11,4,0,0,0,9,2,0,0,0,11,2,1,0,0,20,4,0,0,0,7,4,2,0,0
96538:14025257|8,3,0,1,2,11,0,0,0,0,10,0,1,0,0,9,1,0,0,0,7,1,0,0,0
96538:15632625|2,0,0,0,0,9,0,0,0,0,8,0,0,0,0,8,3,0,0,0,4,2,0,0,0
96538:14025014|7,0,0,0,5,13,2,0,0,0,12,0,0,0,0,23,0,0,0,0,0,1,0,0,0
96538:15632623|8,6,0,0,0,9,7,1,0,0,6,0,0,0,0,10,1,0,0,0,0,3,3,0,0
96538:14023994|9,2,0,0,0,16,1,0,0,0,8,0,0,0,0,13,3,0,0,0,5,2,6,0,0
96538:14025093|9,1,0,0,5,10,1,0,1,0,14,1,2,0,0,12,6,0,0,0,4,4,0,0,0
96538:14572748|9,5,0,0,2,19,0,0,0,0,16,0,0,0,0,21,2,0,0,0,6,1,2,0,0
96538:14024014|12,5,2,0,3,16,0,3,1,0,12,2,0,0,0,13,0,0,0,0,9,5,3,0,0
96538:15632617|5,0,0,0,0,8,0,0,0,0,7,2,0,0,0,11,6,1,0,0,8,5,5,0,0
96538:14025136|12,4,0,0,1,9,1,1,0,0,10,1,0,0,0,16,6,1,0,0,14,3,1,0,0
96538:14025249|8,2,0,0,2,9,0,0,0,0,7,1,0,0,0,22,2,0,0,0,3,0,2,0,0
96538:15632621|5,0,1,0,0,5,6,0,0,0,13,1,0,0,0,7,2,0,0,0,6,3,3,0,0
96538:14572676|8,4,0,0,2,20,1,0,1,1,18,3,2,0,0,20,8,3,0,0,6,2,1,0,0
96538:15631836|4,1,0,1,2,11,1,0,0,0,12,1,0,0,0,10,0,1,0,0,12,7,1,0,0
96538:14025155|5,2,0,0,0,12,1,0,0,0,12,2,0,0,0,29,0,0,0,0,11,12,1,0,0
96538:14025217|11,2,1,0,3,14,1,0,0,0,14,3,0,0,0,15,6,0,0,0,7,4,0,0,0
96538:14025172|5,2,0,0,0,14,1,0,0,0,6,2,1,0,0,14,0,0,0,0,0,1,0,0,0
96538:14025181|2,3,0,0,0,15,1,0,1,0,9,2,0,0,0,5,3,0,0,0,3,0,4,0,0
96538:14025025|2,3,1,0,1,18,1,0,0,0,9,1,0,0,0,13,6,1,0,0,4,7,3,0,0
96538:15359735|11,2,1,1,2,5,1,1,0,0,2,0,0,0,0,16,6,0,0,0,15,7,1,0,0
96538:14572701|3,0,1,0,0,8,1,0,0,0,5,2,1,0,0,10,6,0,0,0,5,5,0,0,0
331737:14024004|1,1,2,2,0,7,4,4,1,1,2,5,12,6,3,0,7,6,6,1,0,0,2,1,0
331737:14025030|1,0,0,0,1,3,16,0,1,1,1,11,7,3,0,4,3,4,2,0,4,3,3,2,0
331737:15632617|2,0,1,0,0,2,11,1,3,0,1,7,5,1,2,4,7,8,1,0,2,3,3,2,0
331737:15632621|2,0,1,0,0,1,4,2,0,0,1,5,2,1,0,3,7,8,3,0,2,2,6,1,0
331737:15632626|0,2,0,1,0,2,4,2,2,1,5,11,9,4,1,4,11,8,0,0,0,1,1,0,0
331737:14023929|1,0,1,0,0,1,7,8,4,1,3,15,18,6,1,5,12,6,3,0,3,2,1,0,0
331737:14025136|0,0,0,0,0,7,3,6,1,0,5,7,6,1,0,0,9,2,0,0,0,1,2,1,0
331737:14025064|3,1,2,0,0,6,16,6,6,2,2,4,8,11,0,2,6,6,6,1,0,0,0,1,1
331737:14025016|1,0,1,1,0,4,3,6,4,0,0,4,1,5,0,0,5,0,3,0,1,1,1,0,0
331737:14025119|3,0,0,0,3,2,5,6,5,0,1,2,7,0,1,0,9,5,1,0,2,4,5,0,0
331737:14025091|0,0,3,0,0,7,14,13,2,0,0,21,17,3,2,5,9,1,3,0,0,1,1,0,0
331737:14025093|3,0,1,3,2,4,7,10,8,0,1,6,11,2,0,2,3,2,3,0,0,2,3,1,0
331737:14025156|1,1,2,1,1,0,9,0,6,5,0,3,7,3,4,1,5,3,4,0,2,0,0,3,0
331737:14572701|3,0,2,0,2,4,3,3,3,1,0,9,5,1,1,3,7,5,0,0,1,1,3,1,0
331737:14572678|3,0,2,3,2,4,5,8,6,2,0,11,7,1,0,2,6,4,1,0,0,0,0,0,0
331737:14023928|1,1,0,0,0,3,1,2,5,0,7,5,6,3,0,1,8,5,4,0,0,4,2,0,0
331737:14025068|6,5,1,0,0,7,27,9,4,3,2,10,13,2,0,5,4,10,4,0,0,0,3,0,0
331737:14025078|0,0,4,1,0,4,12,2,4,0,8,10,15,5,0,4,12,6,1,0,1,2,3,1,0
331737:14025025|1,1,0,2,1,2,5,6,2,1,3,2,7,2,0,8,10,5,4,0,0,7,2,1,0
331737:14025058|0,1,1,0,0,4,6,2,6,1,3,16,10,5,0,4,10,8,0,0,1,0,0,0,0
331737:15632625|0,0,2,0,1,3,7,6,4,3,3,8,9,6,1,0,1,1,4,2,1,3,0,3,0
331737:14025254|1,2,1,0,0,2,4,3,2,0,0,7,7,1,0,4,6,12,3,1,0,1,2,0,3
331737:14025210|3,5,0,0,1,2,8,6,0,3,6,8,8,4,2,3,4,6,4,0,0,1,0,4,0
331737:14023927|3,0,0,1,4,8,7,1,0,1,4,8,7,2,0,1,7,5,3,0,3,3,2,0,0
331737:14025240|3,2,0,2,4,1,2,1,2,4,1,4,7,0,0,7,7,5,4,0,3,10,4,1,0
331737:14025216|3,1,0,0,1,2,3,2,3,0,2,10,11,7,2,1,8,4,1,3,0,0,2,0,1
331737:14025276|6,3,0,2,1,12,19,13,17,4,5,17,12,4,1,2,6,6,3,0,0,1,2,0,0
331737:15632623|3,0,1,2,2,4,3,5,3,1,1,3,7,7,1,0,10,8,3,0,0,0,1,0,0
930245:12450187|3,1,6,3,1,3,7,1,4,3,3,1,0,3,3,2,0,0,2,0,0,0,0,0,1
930245:14023981|1,0,1,0,1,3,6,3,2,3,1,3,7,3,2,2,4,0,0,0,0,0,0,0,0
930245:14572677|0,0,0,2,2,0,0,0,1,11,0,0,0,0,9,0,0,0,2,7,0,0,0,1,1
930245:14025129|0,0,4,1,2,0,0,1,1,1,0,0,0,2,4,0,0,0,3,8,0,0,0,0,0
930245:12450985|0,0,1,1,6,0,0,1,4,4,0,0,0,4,2,0,0,1,5,6,0,0,1,1,2
930245:12451024|0,2,3,8,3,0,1,5,14,11,0,0,4,10,10,0,0,2,1,11,0,0,1,0,0
930245:12450986|0,1,3,1,1,0,1,1,1,0,1,1,1,3,2,4,1,2,0,1,0,0,0,0,0
930245:12450941|0,1,4,3,0,0,1,2,2,7,0,0,2,0,3,0,1,3,4,5,0,0,0,0,2
930245:14025209|1,2,2,0,0,3,8,4,2,2,3,3,3,4,3,2,3,1,2,0,0,0,0,0,0
930245:14572678|0,2,3,9,8,0,0,0,2,9,0,0,0,2,2,0,0,0,1,4,0,0,0,0,2
930245:15632053|1,1,4,0,2,1,0,1,3,2,4,1,4,1,1,3,1,2,1,1,0,0,1,0,0
930245:14025172|0,0,3,1,6,0,0,0,2,12,0,0,0,4,2,0,0,0,1,7,0,0,3,0,4
930245:14598940|0,0,1,4,1,0,0,2,0,18,0,0,1,6,8,0,0,1,0,4,0,0,1,0,0
930245:14025281|0,0,1,3,0,0,0,1,1,1,0,0,2,1,1,0,1,0,2,3,0,1,0,1,0
930245:15632638|1,3,2,1,0,14,2,1,5,5,3,2,2,2,0,0,2,0,0,1,0,0,0,0,0
930245:14025249|0,0,0,0,3,0,0,2,2,2,0,0,2,1,1,0,0,0,0,2,0,0,2,1,4
930245:14572679|0,0,3,5,1,0,0,3,1,2,0,3,1,1,9,0,0,0,1,2,0,1,0,0,0
930245:14023991|2,3,5,1,0,5,7,3,2,0,0,1,4,4,0,3,1,1,0,0,0,0,3,0,0
930245:14025181|0,0,0,3,7,0,0,0,4,7,1,0,0,0,14,0,0,0,0,4,0,0,0,2,4
930245:14025091|4,2,0,0,0,12,2,0,0,0,5,2,0,0,0,1,0,0,0,0,0,0,0,0,0
930245:14572642|0,0,1,3,4,0,0,1,5,7,0,0,3,6,6,0,0,0,3,1,0,0,0,0,2
930245:14572811|0,0,5,8,4,0,1,0,1,12,0,2,1,2,2,0,0,1,2,6,0,0,0,0,0
930245:14572748|0,0,2,3,8,0,1,0,1,17,0,0,1,6,3,0,0,0,2,3,0,0,0,0,5
930245:15632045|2,4,5,1,1,13,11,9,7,4,2,1,1,3,0,5,1,2,0,1,0,0,0,0,0
930245:15380228|1,3,2,1,0,27,14,5,2,0,7,5,0,2,0,0,1,0,0,0,0,1,0,0,0
930245:12450958|4,8,3,3,0,3,1,5,2,5,0,2,5,2,1,0,0,0,2,0,0,0,1,0,0
996919:14059540|0,0,1,0,3,2,0,3,1,6,0,1,0,1,1,1,0,2,3,2,1,1,2,1,0
996919:14059742|0,0,0,4,9,0,0,0,5,10,0,0,0,2,6,0,0,0,5,9,0,0,0,2,0
996919:14059814|1,5,0,0,1,1,1,0,0,0,8,0,0,0,0,4,0,0,0,0,2,2,0,0,0
996919:14059612|0,0,2,0,8,1,3,0,2,15,0,0,0,4,3,0,0,0,2,5,0,0,0,0,3
996919:14059787|14,1,3,1,3,14,4,2,1,1,4,2,0,0,0,9,4,0,0,0,5,0,3,0,0
996919:13981677|2,0,0,0,0,3,1,1,0,1,3,1,1,0,0,1,2,2,0,0,1,0,0,0,0
996919:14059690|0,0,1,2,11,0,0,1,4,10,0,0,1,0,16,0,0,1,2,5,0,0,0,4,0
996919:14059778|8,2,1,0,0,13,4,3,0,0,6,2,1,0,0,14,4,1,0,0,2,1,0,0,0
996919:14059617|0,0,2,3,6,0,0,0,5,10,1,0,0,7,15,0,1,0,2,8,0,0,0,4,1
996919:14059552|2,1,1,1,2,3,0,0,1,3,0,0,2,2,1,6,0,0,4,10,0,1,1,2,4
996919:14059585|0,0,1,1,2,0,0,1,8,13,0,0,1,1,2,0,0,0,1,3,0,0,0,1,1
996919:14059576|0,0,1,5,4,1,0,0,9,4,0,0,0,0,5,0,0,2,3,11,0,0,1,0,3
996919:14059594|0,1,1,3,2,0,0,4,11,5,0,0,1,2,3,0,0,2,2,4,0,0,0,1,3
996919:14059671|0,0,2,2,3,0,0,1,5,14,0,0,2,1,4,0,0,0,0,2,0,0,0,0,0
996919:14059752|0,0,2,2,4,0,0,1,3,3,0,3,0,0,10,0,0,0,3,3,0,0,1,2,4
