event_id	ss_player_id	order_idx	gdmf	minutes	rating	avg_x	avg_y	formation
12436443	833956	1	D	90	6.8	30.4	17.6	4-2-3-1
12436443	555386	10	F	80	7.3	53.2	57.2	4-2-3-1
14023927	833956	1	D	90	7	39.6	14.1	4-2-3-1
14023927	555386	-1	F	30	6.5	74.5	70.4	4-2-3-1
14023928	833956	1	D	90	6.3	43.1	18.1	4-2-3-1
14023928	555386	10	F	90	8.2	72.2	52.9	4-2-3-1
14023929	833956	1	D	80	5.7	56.4	18.8	4-2-3-1
14023929	555386	10	F	90	7.1	71.2	48.7	4-2-3-1
14023961	555386	10	F	90	9.2	66.7	62	4-2-3-1
14023961	833956	-1	D	45	6.7	46.3	10.5	4-2-3-1
14023979	833956	1	D	90	6.5	49.1	14.9	4-2-3-1
14023979	555386	10	F	86	6.2	58.8	64.2	4-2-3-1
14023986	833956	1	D	45	5.8	43.1	15.2	4-2-3-1
14023986	555386	10	F	71	6.6	59.4	59.6	4-2-3-1
14023994	555386	10	F	60	6.3	63.3	63.3	4-2-3-1
14024004	833956	1	D	90	6.4	46	12.9	4-2-3-1
14024004	555386	10	F	80	6.4	65.8	63.4	4-2-3-1
14024014	833956	1	D	90	7.3	54.7	16.9	4-2-3-1
14024014	555386	10	F	87	7.3	63.8	61.5	4-2-3-1
14025014	833956	1	D	90	6.7	45.3	16.3	4-4-2
14025014	555386	10	F	81	6.6	71.2	65	4-4-2
14025016	833956	1	D	90	7.6	41.7	22	4-2-3-1
14025016	555386	10	F	90	6.7	59.7	59.5	4-2-3-1
14025025	833956	1	D	89	6.4	52.4	14.7	4-2-3-1
14025025	555386	10	F	87	6	53	58.3	4-2-3-1
14025030	833956	1	D	90	6.3	43.7	15.2	4-2-3-1
14025030	555386	10	F	80	8.7	65.8	63.2	4-2-3-1
14025058	833956	1	D	90	7.6	48.3	18.6	4-2-3-1
14025058	555386	10	F	90	6.7	68.8	57.3	4-2-3-1
14025064	833956	1	D	90	7	47.9	18.3	4-2-3-1
14025064	555386	10	F	90	6.1	66.2	59.6	4-2-3-1
14025068	833956	1	D	90	6.8	53.2	23.7	4-2-3-1
14025068	555386	10	F	90	6.5	70.4	55.4	4-2-3-1
14025078	833956	1	D	90	6.8	41.8	15.5	4-4-2
14025078	555386	10	F	68	6.4	72.8	62.8	4-4-2
14025091	833956	1	D	74	6	56.7	16.7	4-2-3-1
14025091	555386	10	F	90	6.7	73.2	65.6	4-2-3-1
14025093	833956	1	D	90	7.2	53	17.4	4-2-3-1
14025093	555386	-1	F	36	6.7	68.2	57.4	4-2-3-1
14025119	833956	1	D	90	6.9	48	17.1	4-2-3-1
14025119	555386	10	F	90	7.3	71.6	50.4	4-2-3-1
14025125	833956	1	D	90	7.6	57.3	17.2	4-2-3-1
14025129	833956	1	D	90	7.2	37.2	22	4-2-3-1
14025129	555386	10	F	86	8.7	56.1	60.2	4-2-3-1
14025136	833956	1	D	90	6.7	51.1	16.7	4-2-3-1
14025136	555386	10	F	83	6.3	60.9	52.9	4-2-3-1
14025155	833956	1	D	90	6.9	44.4	16.4	4-2-3-1
14025155	555386	10	F	86	6.4	62.4	56.3	4-2-3-1
14025156	833956	1	D	87	7.8	52.1	17.8	4-2-3-1
14025156	555386	10	F	66	6.8	55.2	61.4	4-2-3-1
14025172	833956	1	D	90	7.9	54.6	14.2	4-2-3-1
14025172	555386	10	F	90	6.4	65.9	68.5	4-2-3-1
14025181	833956	1	D	90	6.6	37.7	16.2	4-2-3-1
14025181	555386	10	F	90	7.2	66.1	59.7	4-2-3-1
14025206	555386	10	F	74	6.2	67.8	53.5	4-2-3-1
14025210	833956	1	D	90	6.5	43.9	18.8	4-2-3-1
14025210	555386	10	F	75	6.4	64.6	49.9	4-2-3-1
14025215	833956	1	D	87	7.7	53.8	13.4	4-2-3-1
14025215	555386	10	F	90	6.7	69.9	48.4	4-2-3-1
14025216	833956	1	D	90	5.8	34.8	14.7	4-2-3-1
14025216	555386	10	F	75	6.4	65.6	51.9	4-2-3-1
14025217	833956	1	D	84	6.5	43.9	16.3	4-2-2-2
14025217	555386	10	F	67	5.9	61.5	66.7	4-2-2-2
14025240	833956	1	D	90	6.6	34.1	21.1	4-4-2
14025240	555386	-1	F	32	9.1	75	46	4-4-2
14025249	833956	1	D	90	6.8	47.5	17.2	4-2-3-1
14025249	555386	-1	F	29	6.2	59.3	63.5	4-2-3-1
14025254	555386	10	F	90	6.7	58.7	55.6	4-2-3-1
14025257	833956	1	D	90	8.4	39.5	15	4-2-3-1
14025257	555386	10	F	86	6.3	68.9	57.3	4-2-3-1
14025276	833956	1	D	89	7.2	57.8	13.5	4-2-3-1
14025276	555386	10	F	83	7.8	78.7	47.2	4-2-3-1
14025281	833956	1	D	90	5.8	51.5	16.2	4-2-3-1
14025281	555386	10	F	74	6.5	69.9	76.8	4-2-3-1
14572642	833956	1	D	86	7.1	41.6	13.8	4-2-3-1
14572642	555386	10	F	71	6.4	59.3	61.8	4-2-3-1
14572676	555386	10	F	35	6.4	60.2	58.9	4-2-3-1
14572676	833956	-1	D	45	7	52.9	16.5	4-2-3-1
14572677	555386	-1	F	26	6.5	47.6	80.4	4-2-3-1
14572677	833956	-1	D					4-2-3-1
14572678	555386	-1	F	30	6.5	74.2	71	4-2-3-1
14572678	833956	-1	D					4-2-3-1
14572679	833956	1	D	90	6.4	38.2	12.2	4-2-3-1
14572679	555386	-1	F	32	6.8	69.5	55.3	4-2-3-1
14572701	833956	1	D	75	7	43.8	13.7	4-2-3-1
14572701	555386	10	F	90	6.6	65.4	53.4	4-2-3-1
14572748	833956	1	D	45	6.1	49.1	15.5	4-2-3-1
14572748	555386	-1	F	26	6.3	64.6	53.6	4-2-3-1
14572811	555386	10	F	67	6.2	76.1	64.3	4-2-3-1
14572811	833956	-1	D	24	6.9	73.4	21.1	4-2-3-1
14598940	833956	1	D	90	5.8	51.5	20.6	4-2-3-1
14598940	555386	-1	F	23	6.7	68	69.3	4-2-3-1
15197271	833956	1	D	79	7.2	42.4	16.9	4-2-3-1
15197271	555386	-1	F	25	6.2	58.2	36.5	4-2-3-1
15359735	555386	-1	F	25	6.3	51.9	60.9	4-2-3-1
15631836	555386	10	F	77	7.4	70.3	45.3	4-2-3-1
15631843	555386	-1	F	34	7.3	66.8	55.1	4-2-3-1
15631843	833956	-1	D	16	6.7	48.7	11.5	4-2-3-1
15632617	833956	1	D	90	6.4	35.6	17.1	4-2-3-1
15632617	555386	10	F	90	8.5	65.5	69.2	4-2-3-1
15632621	833956	1	D	90	7.5	35	20.7	4-2-3-1
15632621	555386	10	F	64	7.4	64.1	53.5	4-2-3-1
15632623	833956	1	D	90	6.7	44.2	14.3	4-2-3-1
15632623	555386	10	F	90	6.4	68.6	58.8	4-2-3-1
15632625	833956	1	D	90	7.2	43.5	14.9	4-2-3-1
15632625	555386	10	F	90	7.3	65.4	50.8	4-2-3-1
15632626	833956	1	D	90	6.9	50.6	20.2	4-2-3-1
15632626	555386	10	F	90	6.8	68.7	50.5	4-2-3-1
